1641422700.0,2.81980000,2.90000000,2.75360000,2.84040000,10614975.00000000,1641423599999,30032301.42900000,46287,5647581.00000000,16004792.16660000,0
1641423600.0,2.84040000,2.89110000,2.79320000,2.87720000,6018639.00000000,1641424499999,17082147.03880000,27075,3517848.00000000,9993044.37780000,0
1641424500.0,2.87720000,2.96650000,2.85120000,2.93760000,11116143.00000000,1641425399999,32457653.80980000,41399,6523532.00000000,19046328.82840000,0
1641425400.0,2.93690000,2.94940000,2.86710000,2.94290000,5851966.00000000,1641426299999,17011110.63270000,23912,2986565.00000000,8693555.07620000,0
1641426300.0,2.94290000,2.96610000,2.91060000,2.93070000,4979279.00000000,1641427199999,14643826.49690000,18729,2698157.00000000,7941176.25860000,0
1641427200.0,2.93380000,2.94550000,2.90000000,2.90990000,4586884.00000000,1641428099999,13390724.29120000,17277,2349617.00000000,6861426.83420000,0
1641428100.0,2.90930000,2.93000000,2.87640000,2.90320000,2713742.00000000,1641428999999,7868583.38910000,10619,1406357.00000000,4079260.06240000,0
1641429000.0,2.90330000,2.94660000,2.89500000,2.91290000,2160374.00000000,1641429899999,6315420.78000000,8487,1265449.00000000,3699779.27370000,0
1641429900.0,2.91230000,2.92880000,2.88410000,2.92460000,1628948.00000000,1641430799999,4738291.64740000,6755,780593.00000000,2271610.62930000,0
1641430800.0,2.92330000,2.94000000,2.87010000,2.89120000,2373594.00000000,1641431699999,6885490.57630000,9041,1214925.00000000,3530566.57310000,0
1641431700.0,2.89140000,2.91510000,2.87420000,2.88350000,1251430.00000000,1641432599999,3623862.74610000,5717,604464.00000000,1750669.08620000,0
1641432600.0,2.88310000,2.88730000,2.82520000,2.83710000,2593990.00000000,1641433499999,7385575.75930000,10723,1133482.00000000,3226575.96970000,0
1641433500.0,2.83750000,2.83820000,2.75390000,2.77780000,5799010.00000000,1641434399999,16161059.20060000,27044,2433178.00000000,6784546.25010000,0
1641434400.0,2.77750000,2.81600000,2.76380000,2.76490000,3596832.00000000,1641435299999,10032405.52070000,10870,1794395.00000000,5005745.18550000,0
1641435300.0,2.76490000,2.78370000,2.75000000,2.75400000,2311822.00000000,1641436199999,6388501.07370000,8156,1025861.00000000,2837308.38060000,0
1641436200.0,2.75300000,2.78290000,2.74560000,2.77890000,2430908.00000000,1641437099999,6714432.93580000,8394,987995.00000000,2732750.43370000,0
1641437100.0,2.77820000,2.79400000,2.73270000,2.74540000,1794679.00000000,1641437999999,4965429.01820000,7736,877714.00000000,2431233.18350000,0
1641438000.0,2.74520000,2.76300000,2.68420000,2.71760000,3964345.00000000,1641438899999,10769000.53310000,14346,1674725.00000000,4552710.49090000,0
1641438900.0,2.71780000,2.72770000,2.69390000,2.70800000,1622181.00000000,1641439799999,4397035.78390000,7106,800071.00000000,2169200.54170000,0
1641439800.0,2.70810000,2.72940000,2.69400000,2.69970000,2460817.00000000,1641440699999,6667949.87590000,9282,1320664.00000000,3579780.89850000,0
1641440700.0,2.70000000,2.71340000,2.65500000,2.66050000,3429191.00000000,1641441599999,9163897.91600000,12803,1500647.00000000,4012293.05100000,0
1641441600.0,2.66150000,2.71270000,2.63980000,2.70690000,4517348.00000000,1641442499999,12067497.81730000,14060,2217257.00000000,5932416.92130000,0
1641442500.0,2.70680000,2.75250000,2.69360000,2.69360000,4116792.00000000,1641443399999,11224418.96480000,13550,2045462.00000000,5577955.71030000,0
1641443400.0,2.69360000,2.72170000,2.66270000,2.69580000,3158928.00000000,1641444299999,8490581.21270000,10856,1489789.00000000,4007848.01210000,0
1641444300.0,2.69540000,2.74890000,2.67440000,2.72890000,2772104.00000000,1641445199999,7538735.83550000,9574,1419570.00000000,3862466.37340000,0
1641445200.0,2.72940000,2.78540000,2.70980000,2.75960000,3265970.00000000,1641446099999,8992758.07370000,11910,1805139.00000000,4970626.76770000,0
1641446100.0,2.76040000,2.78060000,2.74590000,2.76920000,2486657.00000000,1641446999999,6874982.00320000,7207,1328219.00000000,3672759.97720000,0
1641447000.0,2.77010000,2.77300000,2.71920000,2.72540000,2646065.00000000,1641447899999,7261227.16220000,9184,1030219.00000000,2828559.40610000,0
1641447900.0,2.72520000,2.77540000,2.72450000,2.76120000,1618518.00000000,1641448799999,4460064.48860000,6393,820601.00000000,2260108.02190000,0
1641448800.0,2.76120000,2.76260000,2.72370000,2.75650000,1223765.00000000,1641449699999,3353897.97150000,5937,543319.00000000,1488689.41770000,0
1641449700.0,2.75630000,2.80000000,2.74540000,2.77780000,2625580.00000000,1641450599999,7295375.29620000,9266,1541821.00000000,4283355.65450000,0
1641450600.0,2.77780000,2.79530000,2.76800000,2.78850000,1536127.00000000,1641451499999,4272346.66580000,6953,736659.00000000,2048958.68720000,0
1641451500.0,2.78820000,2.80460000,2.76080000,2.79150000,1565659.00000000,1641452399999,4361715.92360000,7193,847735.00000000,2362425.84770000,0
1641452400.0,2.79120000,2.79540000,2.76000000,2.78420000,2253531.00000000,1641453299999,6259470.13920000,6962,902395.00000000,2509183.27680000,0
1641453300.0,2.78320000,2.81700000,2.77890000,2.81530000,1881726.00000000,1641454199999,5267775.21180000,5776,975595.00000000,2731572.67260000,0
1641454200.0,2.81500000,2.83950000,2.80410000,2.80990000,2464697.00000000,1641455099999,6954911.33950000,10302,1327177.00000000,3745928.51240000,0
1641455100.0,2.80930000,2.83970000,2.79840000,2.83520000,1320175.00000000,1641455999999,3729504.89290000,6295,702008.00000000,1983831.58600000,0
1641456000.0,2.83600000,2.84900000,2.81170000,2.83520000,1796269.00000000,1641456899999,5085499.12680000,8510,804823.00000000,2279506.22160000,0
1641456900.0,2.83570000,2.87550000,2.82730000,2.86860000,2936066.00000000,1641457799999,8388602.79350000,15265,1445375.00000000,4131263.39830000,0
1641457800.0,2.86860000,2.86920000,2.78970000,2.80040000,2646815.00000000,1641458699999,7470858.53730000,12335,1189937.00000000,3358407.05350000,0
1641458700.0,2.80030000,2.82140000,2.78180000,2.80360000,1607278.00000000,1641459599999,4500647.16690000,6531,778111.00000000,2180329.67830000,0
1641459600.0,2.80520000,2.80740000,2.72410000,2.74510000,4082871.00000000,1641460499999,11241834.22270000,15055,1862954.00000000,5122563.92940000,0
1641460500.0,2.74480000,2.76430000,2.68320000,2.69930000,4746308.00000000,1641461399999,12885106.83340000,16867,1709931.00000000,4647652.83370000,0
1641461400.0,2.69930000,2.76270000,2.67950000,2.74810000,4922948.00000000,1641462299999,13372648.67650000,20037,2508450.00000000,6815486.28240000,0
1641462300.0,2.74700000,2.75750000,2.69050000,2.70840000,3465358.00000000,1641463199999,9418011.79600000,14082,1648579.00000000,4484019.84260000,0
1641463200.0,2.70940000,2.75000000,2.70720000,2.72160000,2384643.00000000,1641464099999,6515268.73450000,10748,1238748.00000000,3385941.69330000,0
1641464100.0,2.72220000,2.74410000,2.70510000,2.73350000,1838081.00000000,1641464999999,5011414.71240000,8305,1020526.00000000,2783470.53760000,0
1641465000.0,2.73380000,2.76750000,2.73060000,2.73880000,2513489.00000000,1641465899999,6905966.15920000,8357,1397932.00000000,3841066.78530000,0
1641465900.0,2.73970000,2.78720000,2.73560000,2.77800000,2152960.00000000,1641466799999,5960113.97730000,7480,1332199.00000000,3690248.05210000,0
1641466800.0,2.77980000,2.80600000,2.76120000,2.80390000,1900331.00000000,1641467699999,5292820.47710000,7670,1121175.00000000,3124059.76900000,0
1641467700.0,2.80390000,2.80450000,2.74060000,2.74510000,1899753.00000000,1641468599999,5265332.83550000,7008,891824.00000000,2470522.58110000,0
1641468600.0,2.74640000,2.77240000,2.71830000,2.72020000,2119067.00000000,1641469499999,5808343.36910000,8023,1044764.00000000,2866231.97410000,0
1641469500.0,2.72120000,2.76800000,2.72120000,2.75940000,1387590.00000000,1641470399999,3821923.83510000,5871,759599.00000000,2092094.06450000,0
1641470400.0,2.75940000,2.77630000,2.72630000,2.72770000,1749736.00000000,1641471299999,4807080.66550000,6460,716868.00000000,1968925.97310000,0
1641471300.0,2.72820000,2.74860000,2.69160000,2.69690000,1864385.00000000,1641472199999,5068307.92140000,6924,874154.00000000,2376763.01080000,0
1641472200.0,2.69470000,2.73180000,2.69000000,2.71280000,1350797.00000000,1641473099999,3664443.78120000,6249,696329.00000000,1890141.13120000,0
1641473100.0,2.71300000,2.75650000,2.70700000,2.75460000,1815108.00000000,1641473999999,4973016.47560000,6119,1013867.00000000,2778472.43790000,0
1641474000.0,2.75470000,2.79760000,2.74190000,2.78950000,3615597.00000000,1641474899999,10033695.64020000,11360,1936352.00000000,5376105.63210000,0
1641474900.0,2.78830000,2.80410000,2.77170000,2.79040000,1771484.00000000,1641475799999,4941592.99670000,7005,1039982.00000000,2902407.34900000,0
1641475800.0,2.79090000,2.82870000,2.77520000,2.81070000,2842726.00000000,1641476699999,7969624.21200000,10799,1427091.00000000,4002697.53090000,0
1641476700.0,2.81010000,2.82050000,2.79410000,2.81030000,2407823.00000000,1641477599999,6760159.88650000,7702,1260110.00000000,3539355.12990000,0
1641477600.0,2.81040000,2.83710000,2.79530000,2.80000000,2705029.00000000,1641478499999,7631978.18060000,10193,1272801.00000000,3591639.45990000,0
1641478500.0,2.80000000,2.80540000,2.75240000,2.76000000,2579470.00000000,1641479399999,7158141.52840000,9257,1171190.00000000,3253169.80450000,0
1641479400.0,2.76060000,2.82850000,2.76060000,2.82090000,2569031.00000000,1641480299999,7188653.83810000,10226,1254799.00000000,3513443.66550000,0
1641480300.0,2.81970000,2.82900000,2.77620000,2.78150000,1744895.00000000,1641481199999,4884748.04700000,7000,755926.00000000,2117735.73430000,0
1641481200.0,2.78150000,2.79230000,2.73430000,2.74060000,3332388.00000000,1641482099999,9181305.63100000,11220,1421287.00000000,3915718.38520000,0
1641482100.0,2.74070000,2.76680000,2.72800000,2.73930000,1599456.00000000,1641482999999,4394114.67370000,6710,759446.00000000,2086725.13390000,0
1641483000.0,2.73930000,2.78290000,2.73800000,2.75880000,1324369.00000000,1641483899999,3663440.34810000,5153,649992.00000000,1798473.27410000,0
1641483900.0,2.75900000,2.79970000,2.75500000,2.78620000,983564.00000000,1641484799999,2735317.06000000,4857,445243.00000000,1238617.38170000,0
1641484800.0,2.78590000,2.80500000,2.77270000,2.79740000,1243702.00000000,1641485699999,3475161.80820000,5895,651245.00000000,1819638.53590000,0
1641485700.0,2.79870000,2.80630000,2.76810000,2.76930000,1169665.00000000,1641486599999,3258892.22750000,5268,604226.00000000,1684073.27210000,0
1641486600.0,2.76930000,2.78880000,2.75510000,2.78570000,937395.00000000,1641487499999,2595745.94340000,4568,462830.00000000,1281920.55220000,0
1641487500.0,2.78570000,2.80250000,2.77590000,2.79360000,1162680.00000000,1641488399999,3246926.01320000,4532,642046.00000000,1793036.06970000,0
1641488400.0,2.79360000,2.82000000,2.78770000,2.79700000,2124174.00000000,1641489299999,5959464.31770000,7448,1289817.00000000,3619805.21480000,0
1641489300.0,2.79740000,2.85120000,2.78630000,2.84160000,3417414.00000000,1641490199999,9656783.15560000,12765,1871135.00000000,5285939.74910000,0
1641490200.0,2.84150000,2.90870000,2.82940000,2.90460000,3397972.00000000,1641491099999,9758076.99400000,15864,2185904.00000000,6278550.10210000,0
1641491100.0,2.90460000,2.92960000,2.88010000,2.91800000,4702467.00000000,1641491999999,13677641.66490000,19339,2373430.00000000,6905173.20470000,0
1641492000.0,2.91800000,2.98000000,2.91800000,2.96560000,7356695.00000000,1641492899999,21721493.63520000,27867,4219529.00000000,12461918.71170000,0
1641492900.0,2.96570000,2.96970000,2.92050000,2.95620000,3685880.00000000,1641493799999,10858759.64460000,13578,1758849.00000000,5182004.28260000,0
1641493800.0,2.95620000,3.00000000,2.95140000,2.99860000,5256505.00000000,1641494699999,15658144.66340000,20032,3365358.00000000,10032844.89790000,0
1641494700.0,2.99790000,3.02000000,2.98490000,3.00260000,4633717.00000000,1641495599999,13909834.48560000,20751,2307452.00000000,6929291.55560000,0
1641495600.0,3.00280000,3.01000000,2.97490000,3.00200000,3257203.00000000,1641496499999,9745261.18150000,12179,1670318.00000000,4998493.97990000,0
1641496500.0,3.00200000,3.02500000,2.98880000,3.01220000,2336477.00000000,1641497399999,7022610.20430000,10139,1172761.00000000,3525900.98770000,0
1641497400.0,3.01230000,3.02970000,3.00330000,3.01730000,2526181.00000000,1641498299999,7629234.02740000,12193,1262669.00000000,3813367.10190000,0
1641498300.0,3.01750000,3.02500000,2.98360000,2.98530000,1779248.00000000,1641499199999,5341161.51790000,8012,900738.00000000,2704393.66290000,0
1641499200.0,2.98500000,2.99000000,2.93760000,2.94730000,3931554.00000000,1641500099999,11664949.25410000,15935,1767651.00000000,5244884.55580000,0
1641500100.0,2.94740000,2.98330000,2.91540000,2.98090000,3654976.00000000,1641500999999,10765927.16640000,15911,1859883.00000000,5480510.75430000,0
1641501000.0,2.98080000,2.98770000,2.93760000,2.94360000,1692682.00000000,1641501899999,5010415.22700000,7843,811925.00000000,2403704.98170000,0
1641501900.0,2.94440000,2.95270000,2.91170000,2.92490000,1651906.00000000,1641502799999,4837983.39340000,8786,645533.00000000,1891131.57170000,0
1641502800.0,2.92580000,2.94660000,2.91130000,2.91210000,1358172.00000000,1641503699999,3977080.34580000,5996,596623.00000000,1747444.30660000,0
1641503700.0,2.91140000,2.92560000,2.89240000,2.90200000,1911973.00000000,1641504599999,5555944.18300000,7626,828049.00000000,2407852.55870000,0
1641504600.0,2.90230000,2.91570000,2.88430000,2.88740000,1695422.00000000,1641505499999,4916536.17360000,6444,731678.00000000,2122233.76880000,0
1641505500.0,2.88700000,2.90750000,2.88090000,2.88500000,1444029.00000000,1641506399999,4179400.47690000,5432,719386.00000000,2082836.42790000,0
1641506400.0,2.88490000,2.92920000,2.88490000,2.90240000,1755590.00000000,1641507299999,5109264.81470000,6853,1041225.00000000,3029529.94750000,0
1641507300.0,2.90200000,2.94730000,2.90140000,2.93790000,1603786.00000000,1641508199999,4695060.82570000,7252,901425.00000000,2638996.27760000,0
1641508200.0,2.93840000,2.97030000,2.92910000,2.93470000,2086714.00000000,1641509099999,6159835.13390000,8087,1171138.00000000,3458275.25240000,0
1641509100.0,2.93480000,2.97100000,2.93470000,2.95690000,1011260.00000000,1641509999999,2991673.00170000,5061,566851.00000000,1676083.89410000,0
1641510000.0,2.95720000,2.96770000,2.93120000,2.93690000,1021423.00000000,1641510899999,3014269.85470000,4389,430187.00000000,1269740.12510000,0
1641510900.0,2.93800000,2.93970000,2.90450000,2.91620000,1199780.00000000,1641511799999,3502006.24980000,4764,564562.00000000,1648413.90190000,0
1641511800.0,2.91620000,2.95970000,2.90920000,2.93850000,723242.00000000,1641512699999,2128563.19520000,3645,401371.00000000,1181337.86940000,0
1641512700.0,2.93860000,2.94830000,2.88530000,2.89080000,1336501.00000000,1641513599999,3887972.09080000,6252,566512.00000000,1648948.96580000,0
1641513600.0,2.89080000,2.89820000,2.81670000,2.83520000,3139157.00000000,1641514499999,8934498.74150000,16969,1305065.00000000,3709588.75410000,0
1641514500.0,2.83500000,2.85720000,2.80130000,2.82910000,2431100.00000000,1641515399999,6866524.88600000,12022,994649.00000000,2810197.50410000,0
1641515400.0,2.82910000,2.84200000,2.75000000,2.76770000,5884367.00000000,1641516299999,16370038.38360000,22680,2529595.00000000,7038763.42160000,0
1641516300.0,2.76720000,2.79800000,2.76230000,2.77000000,2333508.00000000,1641517199999,6487182.19850000,10867,1015219.00000000,2824493.05970000,0
1641517200.0,2.77100000,2.80500000,2.77100000,2.79070000,1687803.00000000,1641518099999,4710675.08960000,6789,963681.00000000,2689462.60240000,0
1641518100.0,2.79070000,2.79400000,2.75810000,2.78100000,1239510.00000000,1641518999999,3438254.51480000,5655,581378.00000000,1612999.99950000,0
1641519000.0,2.78100000,2.79540000,2.77580000,2.78530000,901147.00000000,1641519899999,2510445.63640000,3964,381344.00000000,1062523.38210000,0
1641519900.0,2.78560000,2.80930000,2.78200000,2.80140000,907073.00000000,1641520799999,2539192.93320000,3782,449679.00000000,1259221.00030000,0
1641520800.0,2.80150000,2.80370000,2.74050000,2.74940000,1647709.00000000,1641521699999,4549289.97990000,8339,646827.00000000,1786663.27990000,0
1641521700.0,2.74990000,2.76990000,2.73770000,2.76890000,1157474.00000000,1641522599999,3187510.06770000,5309,489870.00000000,1349399.55690000,0
1641522600.0,2.76870000,2.77670000,2.74250000,2.74500000,895900.00000000,1641523499999,2469062.46480000,4387,398453.00000000,1098757.54800000,0
1641523500.0,2.74510000,2.75670000,2.72670000,2.73530000,1592075.00000000,1641524399999,4366830.20260000,5871,679106.00000000,1863757.63280000,0
1641524400.0,2.73540000,2.74970000,2.71440000,2.74170000,1931518.00000000,1641525299999,5271089.75960000,8813,890364.00000000,2431149.99640000,0
1641525300.0,2.73920000,2.75470000,2.67150000,2.69510000,3771707.00000000,1641526199999,10195006.61930000,14254,1455217.00000000,3933912.70510000,0
1641526200.0,2.69400000,2.69900000,2.62000000,2.65880000,7738660.00000000,1641527099999,20575958.51860000,26155,3469056.00000000,9226709.38140000,0
1641527100.0,2.65950000,2.70000000,2.64630000,2.66750000,3986566.00000000,1641527999999,10669768.74890000,14668,1732653.00000000,4641175.56630000,0
1641528000.0,2.66780000,2.69360000,2.61150000,2.64960000,4941089.00000000,1641528899999,13130222.58570000,15770,1975054.00000000,5258104.97240000,0
1641528900.0,2.64900000,2.65200000,2.59900000,2.63340000,6263053.00000000,1641529799999,16405825.34640000,20016,2653386.00000000,6955919.53660000,0
1641529800.0,2.63060000,2.66930000,2.56320000,2.66930000,6442740.00000000,1641530699999,16849153.29050000,22406,3023774.00000000,7913831.31450000,0
1641530700.0,2.66940000,2.77380000,2.66750000,2.77290000,7182752.00000000,1641531599999,19654422.53100000,22523,3836434.00000000,10503712.55900000,0
1641531600.0,2.77020000,2.78100000,2.70420000,2.73780000,4931939.00000000,1641532499999,13543325.88940000,16572,1779810.00000000,4887261.88690000,0
1641532500.0,2.73670000,2.80860000,2.72820000,2.76280000,4256864.00000000,1641533399999,11820205.71430000,17416,2052922.00000000,5704976.95270000,0
1641533400.0,2.76290000,2.79760000,2.73390000,2.75140000,2656793.00000000,1641534299999,7356386.37930000,11350,1299261.00000000,3597691.64960000,0
1641534300.0,2.75060000,2.76090000,2.72680000,2.75230000,1410600.00000000,1641535199999,3868131.52870000,6680,617173.00000000,1693273.41490000,0
1641535200.0,2.75230000,2.76240000,2.72330000,2.73000000,1566518.00000000,1641536099999,4297514.36250000,5614,752112.00000000,2062903.58770000,0
1641536100.0,2.73000000,2.73700000,2.70300000,2.70750000,1796355.00000000,1641536999999,4879439.42350000,6784,902514.00000000,2451786.49590000,0
1641537000.0,2.70710000,2.71630000,2.67280000,2.68860000,2434583.00000000,1641537899999,6557914.62520000,9617,1147577.00000000,3090435.66570000,0
1641537900.0,2.68850000,2.71280000,2.67070000,2.70550000,2083402.00000000,1641538799999,5603602.99060000,6860,1069102.00000000,2877049.65880000,0
1641538800.0,2.70600000,2.70780000,2.64370000,2.65230000,2732583.00000000,1641539699999,7291316.59740000,10007,1154384.00000000,3080288.27790000,0
1641539700.0,2.65090000,2.73770000,2.64650000,2.73500000,2153031.00000000,1641540599999,5793125.95610000,8297,1261301.00000000,3395199.46440000,0
1641540600.0,2.73590000,2.73880000,2.68580000,2.68920000,1624049.00000000,1641541499999,4404786.29900000,6315,763373.00000000,2070629.72370000,0
1641541500.0,2.69000000,2.74780000,2.68490000,2.73690000,2305546.00000000,1641542399999,6272758.57130000,7910,1335668.00000000,3637664.82970000,0
1641542400.0,2.73760000,2.78170000,2.71580000,2.75960000,3676562.00000000,1641543299999,10129464.58520000,14027,2088223.00000000,5756544.12440000,0
1641543300.0,2.75880000,2.84180000,2.74710000,2.82330000,4953162.00000000,1641544199999,13877365.86410000,20005,2834536.00000000,7939923.26370000,0
1641544200.0,2.82400000,2.84970000,2.77570000,2.79170000,3703863.00000000,1641545099999,10422000.26590000,15394,1766273.00000000,4969843.93060000,0
1641545100.0,2.79180000,2.81530000,2.77380000,2.78070000,1770946.00000000,1641545999999,4951131.53930000,7374,872247.00000000,2437606.52430000,0
1641546000.0,2.78010000,2.83250000,2.77600000,2.82810000,1852945.00000000,1641546899999,5209585.20120000,8827,1085500.00000000,3051729.55710000,0
1641546900.0,2.82810000,2.86390000,2.81800000,2.85090000,3282360.00000000,1641547799999,9336233.51830000,14175,1737894.00000000,4941930.89680000,0
1641547800.0,2.85110000,2.87430000,2.84070000,2.84110000,2579565.00000000,1641548699999,7382031.51510000,10129,1295800.00000000,3710876.40720000,0
1641548700.0,2.84130000,2.85200000,2.81630000,2.82690000,1790494.00000000,1641549599999,5079748.25450000,6805,819565.00000000,2326106.99160000,0
1641549600.0,2.82660000,2.84930000,2.80470000,2.82810000,1765829.00000000,1641550499999,4990429.10760000,8052,932563.00000000,2635961.65580000,0
1641550500.0,2.82780000,2.82990000,2.79070000,2.80800000,2035273.00000000,1641551399999,5710406.87200000,8993,903480.00000000,2536379.51750000,0
1641551400.0,2.80790000,2.83190000,2.79370000,2.81530000,1813203.00000000,1641552299999,5103979.84080000,7334,962424.00000000,2709820.74010000,0
1641552300.0,2.81600000,2.84990000,2.80930000,2.81090000,1641308.00000000,1641553199999,4638830.40000000,7029,803902.00000000,2272830.79690000,0
1641553200.0,2.80950000,2.84810000,2.80790000,2.83410000,1547108.00000000,1641554099999,4379443.66630000,5549,886331.00000000,2508792.53920000,0
1641554100.0,2.83530000,2.85500000,2.80660000,2.81150000,1244670.00000000,1641554999999,3527565.96090000,6067,669076.00000000,1897249.88110000,0
1641555000.0,2.81120000,2.81120000,2.77550000,2.79320000,1446056.00000000,1641555899999,4039845.52860000,6610,715542.00000000,1999518.44110000,0
1641555900.0,2.79450000,2.80400000,2.76460000,2.77790000,1228286.00000000,1641556799999,3417915.88680000,5214,560269.00000000,1559628.35800000,0
1641556800.0,2.77860000,2.82390000,2.77850000,2.80510000,1644356.00000000,1641557699999,4607957.97110000,6191,934291.00000000,2619389.04260000,0
1641557700.0,2.80510000,2.83520000,2.79380000,2.83520000,1003005.00000000,1641558599999,2823648.99280000,4381,486861.00000000,1371217.65230000,0
1641558600.0,2.83480000,2.84630000,2.82500000,2.83340000,1271049.00000000,1641559499999,3604707.04550000,5226,653579.00000000,1853935.06260000,0
1641559500.0,2.83230000,2.83590000,2.79690000,2.80960000,1259767.00000000,1641560399999,3543253.48930000,6043,569921.00000000,1603380.53770000,0
1641560400.0,2.81050000,2.82470000,2.77500000,2.77870000,1296387.00000000,1641561299999,3626613.90180000,5358,553984.00000000,1551111.53510000,0
1641561300.0,2.77800000,2.80720000,2.77070000,2.79780000,1109612.00000000,1641562199999,3093062.87280000,5278,507870.00000000,1415928.12870000,0
1641562200.0,2.79910000,2.84750000,2.69340000,2.71660000,7944696.00000000,1641563099999,21945429.98350000,28721,3750747.00000000,10361592.75030000,0
1641563100.0,2.71690000,2.75690000,2.69930000,2.72500000,6151463.00000000,1641563999999,16764613.74380000,19268,2860818.00000000,7800726.58100000,0
1641564000.0,2.72470000,2.76430000,2.70750000,2.76260000,2766881.00000000,1641564899999,7574520.41040000,9761,1481204.00000000,4054859.49710000,0
1641564900.0,2.76320000,2.77180000,2.74570000,2.77090000,1832946.00000000,1641565799999,5060325.71970000,6797,934539.00000000,2580543.60550000,0
1641565800.0,2.77100000,2.77780000,2.71670000,2.76410000,2378953.00000000,1641566699999,6526680.02280000,8569,1146500.00000000,3146395.91190000,0
1641566700.0,2.76390000,2.79210000,2.76200000,2.77210000,2017126.00000000,1641567599999,5604112.70500000,7496,894950.00000000,2486762.44210000,0
1641567600.0,2.77130000,2.77460000,2.73010000,2.74580000,1445709.00000000,1641568499999,3976113.76960000,7312,693031.00000000,1905875.45710000,0
1641568500.0,2.74560000,2.76760000,2.73110000,2.75560000,1485368.00000000,1641569399999,4082915.89230000,6515,858773.00000000,2361118.79400000,0
1641569400.0,2.75430000,2.76410000,2.68830000,2.69700000,2555957.00000000,1641570299999,6944891.29790000,9280,1159611.00000000,3150441.82350000,0
1641570300.0,2.69540000,2.74200000,2.65000000,2.71040000,7321759.00000000,1641571199999,19705981.39870000,23765,3572322.00000000,9624995.33430000,0
1641571200.0,2.70960000,2.75880000,2.69240000,2.70350000,4843369.00000000,1641572099999,13229174.09110000,16334,2371266.00000000,6474246.39860000,0
1641572100.0,2.70250000,2.75200000,2.66250000,2.74800000,3739660.00000000,1641572999999,10130372.85840000,15626,1969962.00000000,5338935.77870000,0
1641573000.0,2.74630000,2.75910000,2.72850000,2.74530000,2050902.00000000,1641573899999,5632823.84940000,8197,1011335.00000000,2777839.79830000,0
1641573900.0,2.74530000,2.80550000,2.72510000,2.79440000,2590204.00000000,1641574799999,7179617.76360000,12974,1437964.00000000,3988630.56940000,0
1641574800.0,2.79230000,2.79490000,2.75990000,2.77090000,1470778.00000000,1641575699999,4079191.76000000,6303,783895.00000000,2174177.92150000,0
1641575700.0,2.76990000,2.77830000,2.74010000,2.75750000,1151076.00000000,1641576599999,3175098.97890000,5236,525954.00000000,1450495.72080000,0
1641576600.0,2.75520000,2.75650000,2.72290000,2.73800000,1161671.00000000,1641577499999,3180604.84510000,4887,488706.00000000,1338274.97250000,0
1641577500.0,2.73780000,2.76530000,2.73140000,2.75480000,755776.00000000,1641578399999,2081087.65840000,3672,398696.00000000,1098025.45660000,0
1641578400.0,2.75500000,2.76170000,2.72470000,2.72810000,764499.00000000,1641579299999,2095144.53050000,3685,371579.00000000,1018650.54560000,0
1641579300.0,2.72810000,2.73970000,2.69550000,2.69710000,1250031.00000000,1641580199999,3387878.15510000,5592,543359.00000000,1473106.16360000,0
1641580200.0,2.69620000,2.72530000,2.69370000,2.69490000,1168567.00000000,1641581099999,3164482.98640000,5371,512008.00000000,1387450.78580000,0
1641581100.0,2.69460000,2.70180000,2.67390000,2.69670000,1251010.00000000,1641581999999,3360870.60800000,5926,664352.00000000,1785348.16860000,0
1641582000.0,2.69760000,2.71100000,2.65630000,2.66700000,1444271.00000000,1641582899999,3869551.40860000,6782,643402.00000000,1723594.10770000,0
1641582900.0,2.66760000,2.68420000,2.66000000,2.68260000,997540.00000000,1641583799999,2666487.54120000,4195,527216.00000000,1410101.81140000,0
1641583800.0,2.68240000,2.71280000,2.67550000,2.71090000,791363.00000000,1641584699999,2131839.26340000,4038,424816.00000000,1145118.41940000,0
1641584700.0,2.71100000,2.72000000,2.69180000,2.70540000,932747.00000000,1641585599999,2525165.67430000,3953,378579.00000000,1025317.30510000,0
1641585600.0,2.70700000,2.72900000,2.68850000,2.69140000,726513.00000000,1641586499999,1969415.48200000,3659,329705.00000000,894791.48870000,0
1641586500.0,2.69100000,2.69840000,2.65890000,2.67530000,1427800.00000000,1641587399999,3817145.00700000,5911,586459.00000000,1568197.74800000,0
1641587400.0,2.67520000,2.70490000,2.67040000,2.69720000,972242.00000000,1641588299999,2615488.10240000,4691,484203.00000000,1302884.72110000,0
1641588300.0,2.69570000,2.72000000,2.68580000,2.70640000,868858.00000000,1641589199999,2351529.83130000,3765,476928.00000000,1291169.56520000,0
1641589200.0,2.70550000,2.72670000,2.69850000,2.69850000,729305.00000000,1641590099999,1978319.42370000,3043,370884.00000000,1007175.05460000,0
1641590100.0,2.69850000,2.72230000,2.69400000,2.70130000,647983.00000000,1641590999999,1754386.28660000,2825,320130.00000000,866175.00420000,0
1641591000.0,2.70090000,2.71690000,2.69750000,2.70620000,519849.00000000,1641591899999,1407920.35260000,2446,232008.00000000,628287.79840000,0
1641591900.0,2.70670000,2.72000000,2.70030000,2.70630000,541781.00000000,1641592799999,1469041.76840000,2638,294090.00000000,797626.16100000,0
1641592800.0,2.70650000,2.70690000,2.66590000,2.66640000,1114610.00000000,1641593699999,2990139.28980000,4265,505149.00000000,1355514.17210000,0
1641593700.0,2.66780000,2.69430000,2.66220000,2.66660000,894563.00000000,1641594599999,2393394.01350000,3706,356333.00000000,954454.68940000,0
1641594600.0,2.66630000,2.67160000,2.64820000,2.64910000,798340.00000000,1641595499999,2121865.38060000,3230,329816.00000000,876800.37730000,0
1641595500.0,2.64860000,2.66530000,2.61780000,2.64770000,1759749.00000000,1641596399999,4641766.65190000,7535,876036.00000000,2311465.26230000,0
1641596400.0,2.64680000,2.65830000,2.62850000,2.62880000,1049973.00000000,1641597299999,2776487.85480000,4040,473929.00000000,1253302.24350000,0
1641597300.0,2.62850000,2.63820000,2.60700000,2.62400000,1293356.00000000,1641598199999,3387134.62460000,4938,700568.00000000,1834858.01870000,0
1641598200.0,2.62400000,2.63710000,2.61780000,2.62400000,1058221.00000000,1641599099999,2778892.14740000,3250,554337.00000000,1456024.86510000,0
1641599100.0,2.62400000,2.62670000,2.57550000,2.60310000,3521362.00000000,1641599999999,9139292.20280000,10174,1277676.00000000,3316775.69980000,0
1641600000.0,2.60300000,2.61430000,2.56690000,2.58190000,2336881.00000000,1641600899999,6043508.21150000,10040,1070531.00000000,2769457.40340000,0
1641600900.0,2.58190000,2.62470000,2.58120000,2.62080000,1593194.00000000,1641601799999,4157145.25650000,6408,902582.00000000,2355853.00770000,0
1641601800.0,2.62110000,2.64490000,2.61590000,2.63870000,1935154.00000000,1641602699999,5086863.35880000,6390,957106.00000000,2516576.80490000,0
1641602700.0,2.63870000,2.65720000,2.62810000,2.64590000,1468270.00000000,1641603599999,3882336.25080000,5742,757966.00000000,2004478.57280000,0
1641603600.0,2.64590000,2.67820000,2.63330000,2.67210000,2239023.00000000,1641604499999,5960062.47070000,8328,1211839.00000000,3225679.33800000,0
1641604500.0,2.67210000,2.67270000,2.64170000,2.65300000,966837.00000000,1641605399999,2567843.77160000,4463,475165.00000000,1262045.53960000,0
1641605400.0,2.65300000,2.65680000,2.63190000,2.64920000,772287.00000000,1641606299999,2040990.42930000,3483,368371.00000000,973777.19110000,0
1641606300.0,2.64950000,2.65220000,2.61610000,2.62230000,882398.00000000,1641607199999,2324359.15490000,4076,381525.00000000,1004500.92880000,0
1641607200.0,2.62150000,2.63590000,2.60600000,2.62130000,1081519.00000000,1641608099999,2831831.69590000,5665,521119.00000000,1364781.44460000,0
1641608100.0,2.62220000,2.62770000,2.60650000,2.61020000,687926.00000000,1641608999999,1801428.17510000,3126,318065.00000000,833080.81940000,0
1641609000.0,2.61000000,2.61570000,2.58970000,2.59560000,760783.00000000,1641609899999,1980051.16200000,3810,346753.00000000,902707.08490000,0
1641609900.0,2.59610000,2.62960000,2.59610000,2.62730000,779999.00000000,1641610799999,2040749.33410000,3690,444883.00000000,1164058.34710000,0
1641610800.0,2.62780000,2.62800000,2.59760000,2.60020000,586128.00000000,1641611699999,1531558.63220000,3296,269943.00000000,705390.81140000,0
1641611700.0,2.60020000,2.60790000,2.57250000,2.58600000,1299578.00000000,1641612599999,3360108.13290000,5838,642990.00000000,1662231.73030000,0
1641612600.0,2.58550000,2.60060000,2.57400000,2.59730000,716894.00000000,1641613499999,1856071.75230000,3412,387513.00000000,1003546.66470000,0
1641613500.0,2.59670000,2.60580000,2.57780000,2.59720000,728928.00000000,1641614399999,1890383.29060000,3856,348940.00000000,905162.31040000,0
1641614400.0,2.59690000,2.62600000,2.59580000,2.61040000,743815.00000000,1641615299999,1943490.88510000,4159,425939.00000000,1113039.58000000,0
1641615300.0,2.61020000,2.63480000,2.60900000,2.62680000,798683.00000000,1641616199999,2095277.63340000,3669,343088.00000000,900489.06020000,0
1641616200.0,2.62720000,2.64980000,2.61180000,2.64500000,1222640.00000000,1641617099999,3220629.31620000,4775,617417.00000000,1625990.99170000,0
1641617100.0,2.64430000,2.65360000,2.62370000,2.62430000,935967.00000000,1641617999999,2472901.46530000,3603,459097.00000000,1212899.45410000,0
1641618000.0,2.62440000,2.63850000,2.61300000,2.63620000,765565.00000000,1641618899999,2009040.39200000,3392,406212.00000000,1066691.55030000,0
1641618900.0,2.63670000,2.64710000,2.62800000,2.64490000,779365.00000000,1641619799999,2057422.04610000,3166,372289.00000000,982744.84650000,0
1641619800.0,2.64370000,2.64390000,2.62020000,2.63000000,534845.00000000,1641620699999,1405764.75370000,2993,234210.00000000,615542.02350000,0
1641620700.0,2.62870000,2.64460000,2.61790000,2.63870000,740356.00000000,1641621599999,1949504.00160000,3101,340860.00000000,897627.47370000,0
1641621600.0,2.63840000,2.64090000,2.60250000,2.60730000,909260.00000000,1641622499999,2379477.83180000,4065,406484.00000000,1063768.68500000,0
1641622500.0,2.60740000,2.62500000,2.60740000,2.61100000,643509.00000000,1641623399999,1684463.49960000,2764,255206.00000000,668140.53580000,0
1641623400.0,2.61040000,2.62400000,2.59660000,2.62100000,761627.00000000,1641624299999,1984852.79810000,3370,309380.00000000,807037.80650000,0
1641624300.0,2.62000000,2.63790000,2.60040000,2.63370000,782238.00000000,1641625199999,2047034.49220000,3719,370005.00000000,968457.96390000,0
1641625200.0,2.63290000,2.65150000,2.62690000,2.64180000,885194.00000000,1641626099999,2337328.23510000,3704,459185.00000000,1212998.81760000,0
1641626100.0,2.64170000,2.64290000,2.61770000,2.61950000,567438.00000000,1641626999999,1490687.85470000,2815,285571.00000000,750139.92080000,0
1641627000.0,2.61930000,2.64990000,2.61620000,2.64190000,1124038.00000000,1641627899999,2963800.94970000,3687,707027.00000000,1863546.67750000,0
1641627900.0,2.64080000,2.64630000,2.62910000,2.64130000,666196.00000000,1641628799999,1757184.67540000,2394,372446.00000000,982487.64710000,0
1641628800.0,2.64140000,2.67720000,2.64130000,2.66900000,1467680.00000000,1641629699999,3907240.58360000,5540,863689.00000000,2299020.14210000,0
1641629700.0,2.66840000,2.68410000,2.65880000,2.66080000,1311209.00000000,1641630599999,3502237.40590000,5134,702245.00000000,1875789.67440000,0
1641630600.0,2.66020000,2.66630000,2.64290000,2.65760000,1016000.00000000,1641631499999,2697790.98910000,3676,436986.00000000,1160237.19510000,0
1641631500.0,2.65770000,2.67730000,2.65370000,2.66710000,986595.00000000,1641632399999,2633220.93440000,3683,637521.00000000,1701947.68530000,0
1641632400.0,2.66660000,2.67490000,2.65370000,2.67490000,1029837.00000000,1641633299999,2744447.01650000,3131,594812.00000000,1585313.22880000,0
1641633300.0,2.67490000,2.67530000,2.65010000,2.65390000,595480.00000000,1641634199999,1585809.92340000,2809,246716.00000000,656843.38730000,0
1641634200.0,2.65400000,2.67900000,2.64610000,2.66900000,805550.00000000,1641635099999,2146602.66650000,3554,398345.00000000,1061932.69360000,0
1641635100.0,2.66960000,2.68380000,2.66640000,2.68240000,774522.00000000,1641635999999,2071552.76000000,3289,434932.00000000,1163444.82610000,0
1641636000.0,2.68260000,2.69000000,2.66660000,2.67080000,823846.00000000,1641636899999,2204702.72780000,4447,398457.00000000,1066217.94370000,0
1641636900.0,2.67090000,2.67230000,2.65590000,2.67220000,630743.00000000,1641637799999,1679412.98810000,2989,253093.00000000,673957.03230000,0
1641637800.0,2.67180000,2.68200000,2.65180000,2.65620000,882373.00000000,1641638699999,2355407.95240000,3764,393208.00000000,1049610.50150000,0
1641638700.0,2.65600000,2.65810000,2.62280000,2.63340000,1289730.00000000,1641639599999,3398935.55920000,5969,572899.00000000,1509788.70700000,0
1641639600.0,2.63300000,2.63510000,2.61120000,2.61970000,1172915.00000000,1641640499999,3072654.85760000,4341,510995.00000000,1338661.54210000,0
1641640500.0,2.61900000,2.63590000,2.61090000,2.62670000,819116.00000000,1641641399999,2149381.26820000,3056,450299.00000000,1182104.81020000,0
1641641400.0,2.62640000,2.63330000,2.60720000,2.62560000,820715.00000000,1641642299999,2146787.05210000,3335,336186.00000000,879543.43010000,0
1641642300.0,2.62520000,2.63650000,2.61980000,2.62930000,998548.00000000,1641643199999,2623744.14530000,2905,321318.00000000,845018.01550000,0
1641643200.0,2.62920000,2.64440000,2.61910000,2.63670000,741124.00000000,1641644099999,1952544.90150000,2915,320291.00000000,843892.55640000,0
1641644100.0,2.63680000,2.63720000,2.61040000,2.61750000,593157.00000000,1641644999999,1555595.99650000,3073,270757.00000000,710144.48900000,0
1641645000.0,2.61760000,2.61990000,2.57320000,2.57880000,2036983.00000000,1641645899999,5278874.93050000,7084,850412.00000000,2204701.64480000,0
1641645900.0,2.58000000,2.59300000,2.57570000,2.58190000,844536.00000000,1641646799999,2182402.52130000,3535,465426.00000000,1203004.29250000,0
1641646800.0,2.58240000,2.59750000,2.57410000,2.57940000,949839.00000000,1641647699999,2455098.15260000,4088,465668.00000000,1204085.97630000,0
1641647700.0,2.57930000,2.58090000,2.51470000,2.53340000,5132203.00000000,1641648599999,13033364.60320000,19041,2111710.00000000,5359646.44610000,0
1641648600.0,2.53310000,2.53840000,2.50000000,2.51010000,3105067.00000000,1641649499999,7798049.88570000,11467,1340205.00000000,3368480.82600000,0
1641649500.0,2.51080000,2.52460000,2.47590000,2.49480000,3857903.00000000,1641650399999,9627489.47470000,12115,1634213.00000000,4081302.83820000,0
1641650400.0,2.49480000,2.50980000,2.48620000,2.49970000,1900087.00000000,1641651299999,4750862.26330000,6240,886053.00000000,2215939.34140000,0
1641651300.0,2.49970000,2.50680000,2.46550000,2.47460000,2639114.00000000,1641652199999,6543490.07910000,12148,1264384.00000000,3134406.66570000,0
1641652200.0,2.47460000,2.48000000,2.44790000,2.46090000,2801563.00000000,1641653099999,6888377.40540000,11272,1324518.00000000,3258594.39790000,0
1641653100.0,2.46090000,2.47000000,2.43530000,2.44490000,1769725.00000000,1641653999999,4341394.78620000,7385,860666.00000000,2112176.14160000,0
1641654000.0,2.44500000,2.45330000,2.41430000,2.42270000,4302856.00000000,1641654899999,10457381.37740000,15404,1934261.00000000,4702059.74930000,0
1641654900.0,2.42270000,2.43400000,2.41000000,2.42180000,2120280.00000000,1641655799999,5137148.96670000,7502,1046652.00000000,2535958.21570000,0
1641655800.0,2.42280000,2.44250000,2.40150000,2.44070000,3084787.00000000,1641656699999,7463668.81200000,9429,1359103.00000000,3291823.57470000,0
1641656700.0,2.44090000,2.44650000,2.40000000,2.40640000,2680154.00000000,1641657599999,6488902.59110000,8730,1087550.00000000,2635334.88720000,0
1641657600.0,2.40660000,2.41900000,2.38780000,2.40810000,3652389.00000000,1641658499999,8775451.25210000,11389,1998744.00000000,4804832.88430000,0
1641658500.0,2.40810000,2.41160000,2.35100000,2.35780000,4711005.00000000,1641659399999,11185864.17440000,14980,2109425.00000000,5008937.85140000,0
1641659400.0,2.35770000,2.36010000,2.32100000,2.33500000,4568090.00000000,1641660299999,10694348.16520000,16962,1908719.00000000,4470243.50510000,0
1641660300.0,2.33610000,2.33960000,2.29300000,2.30760000,5722024.00000000,1641661199999,13263857.06200000,18387,2728791.00000000,6329445.75350000,0
1641661200.0,2.30860000,2.32120000,2.27410000,2.28360000,5025907.00000000,1641662099999,11555153.78390000,17763,2469085.00000000,5679143.55810000,0
1641662100.0,2.28380000,2.31450000,2.28000000,2.31270000,4789812.00000000,1641662999999,11017392.40920000,11298,2426014.00000000,5580343.23230000,0
1641663000.0,2.31380000,2.31500000,2.22220000,2.24200000,8026000.00000000,1641663899999,18128307.20530000,23974,3516685.00000000,7940149.98080000,0
1641663900.0,2.24240000,2.26690000,2.20660000,2.21000000,7828405.00000000,1641664799999,17522545.93090000,21148,3663644.00000000,8202204.10880000,0
1641664800.0,2.21000000,2.25180000,2.17620000,2.22720000,11192636.00000000,1641665699999,24771412.37550000,31637,5187844.00000000,11482929.02790000,0
1641665700.0,2.22610000,2.30840000,2.21870000,2.27310000,9902158.00000000,1641666599999,22557402.03660000,28680,5607110.00000000,12779141.23670000,0
1641666600.0,2.27300000,2.33880000,2.26110000,2.26250000,5557930.00000000,1641667499999,12716031.52160000,17951,3069026.00000000,7033258.01580000,0
1641667500.0,2.26270000,2.27350000,2.21420000,2.22270000,4221000.00000000,1641668399999,9473959.39910000,12679,2021257.00000000,4540237.96890000,0
1641668400.0,2.22340000,2.27810000,2.20250000,2.26110000,5927980.00000000,1641669299999,13300225.04600000,17316,3251011.00000000,7297558.50850000,0
1641669300.0,2.26240000,2.26730000,2.21140000,2.23180000,2943592.00000000,1641670199999,6569644.73590000,10213,1299780.00000000,2902183.20040000,0
1641670200.0,2.23130000,2.26360000,2.22220000,2.22590000,2709872.00000000,1641671099999,6080824.29930000,8153,1315299.00000000,2953213.55510000,0
1641671100.0,2.22720000,2.24910000,2.21160000,2.24050000,2657714.00000000,1641671999999,5916827.12040000,8762,1381242.00000000,3075390.32650000,0
1641672000.0,2.23960000,2.25830000,2.20820000,2.21480000,3955805.00000000,1641672899999,8824081.73940000,11322,1613769.00000000,3604524.19740000,0
1641672900.0,2.21460000,2.25160000,2.20210000,2.24660000,2211101.00000000,1641673799999,4924734.60360000,6978,1325992.00000000,2954978.05130000,0
1641673800.0,2.24710000,2.28090000,2.23850000,2.25540000,2707189.00000000,1641674699999,6117332.86650000,8972,1438722.00000000,3251750.56390000,0
1641674700.0,2.25530000,2.25980000,2.23730000,2.25540000,1177481.00000000,1641675599999,2647423.63630000,4370,592372.00000000,1331969.67420000,0
1641675600.0,2.25580000,2.28200000,2.24750000,2.27740000,2877946.00000000,1641676499999,6518228.38370000,8212,1891485.00000000,4282981.35240000,0
1641676500.0,2.27780000,2.30610000,2.26540000,2.30140000,3428371.00000000,1641677399999,7853189.91730000,11902,1751372.00000000,4012637.69020000,0
1641677400.0,2.30190000,2.33190000,2.29320000,2.32950000,6436699.00000000,1641678299999,14870783.10040000,17937,3486562.00000000,8055213.70870000,0
1641678300.0,2.32870000,2.33630000,2.29650000,2.30000000,3450400.00000000,1641679199999,7988127.15700000,10690,1545979.00000000,3578985.27080000,0
1641679200.0,2.29990000,2.35670000,2.29820000,2.34990000,3761760.00000000,1641680099999,8785541.26020000,12294,2017497.00000000,4709111.14430000,0
1641680100.0,2.34990000,2.39730000,2.34350000,2.38940000,5699922.00000000,1641680999999,13562468.65740000,17879,3386912.00000000,8056209.27820000,0
1641681000.0,2.38910000,2.39010000,2.35260000,2.37790000,2653707.00000000,1641681899999,6292639.74570000,9478,1101992.00000000,2613420.57720000,0
1641681900.0,2.37790000,2.39800000,2.32640000,2.32860000,3034488.00000000,1641682799999,7148421.33980000,10330,1488230.00000000,3506101.20400000,0
1641682800.0,2.32850000,2.33970000,2.30580000,2.31320000,1955279.00000000,1641683699999,4539824.41040000,7934,1063317.00000000,2469492.58320000,0
1641683700.0,2.31330000,2.32590000,2.28510000,2.29190000,1905598.00000000,1641684599999,4391510.36220000,6205,840303.00000000,1937119.79100000,0
1641684600.0,2.29160000,2.32880000,2.29160000,2.32280000,1430087.00000000,1641685499999,3305196.06380000,4863,828136.00000000,1914856.45020000,0
1641685500.0,2.32260000,2.32260000,2.27230000,2.28370000,1569568.00000000,1641686399999,3597618.33280000,6279,646904.00000000,1482338.86830000,0
1641686400.0,2.28450000,2.28850000,2.24550000,2.27540000,3672595.00000000,1641687299999,8312643.87170000,12571,1867815.00000000,4231283.28090000,0
1641687300.0,2.27550000,2.29320000,2.26100000,2.26510000,1761217.00000000,1641688199999,4009879.64360000,6221,796847.00000000,1813501.20160000,0
1641688200.0,2.26510000,2.31280000,2.26470000,2.30920000,1339646.00000000,1641689099999,3068748.75220000,5393,713360.00000000,1635337.50250000,0
1641689100.0,2.30870000,2.35300000,2.30760000,2.33330000,2363051.00000000,1641689999999,5521478.14730000,8489,1326812.00000000,3099809.55180000,0
1641690000.0,2.33310000,2.35990000,2.31730000,2.33380000,2223024.00000000,1641690899999,5200437.85140000,7113,1177534.00000000,2755055.59120000,0
1641690900.0,2.33400000,2.33430000,2.30340000,2.30880000,1270335.00000000,1641691799999,2949424.78620000,4779,566853.00000000,1316056.98170000,0
1641691800.0,2.30850000,2.34000000,2.30270000,2.30570000,1327814.00000000,1641692699999,3079383.78750000,4831,674600.00000000,1564221.70600000,0
1641692700.0,2.30570000,2.33380000,2.30140000,2.31450000,949783.00000000,1641693599999,2202055.04120000,3897,482133.00000000,1117846.18130000,0
1641693600.0,2.31440000,2.35720000,2.31440000,2.34610000,1579494.00000000,1641694499999,3691042.61680000,5542,928285.00000000,2169398.24580000,0
1641694500.0,2.34560000,2.38810000,2.34160000,2.38750000,1943114.00000000,1641695399999,4602788.34080000,6524,953783.00000000,2259808.27680000,0
1641695400.0,2.38740000,2.39830000,2.36710000,2.39160000,1569016.00000000,1641696299999,3738286.06540000,4961,796063.00000000,1896910.65540000,0
1641696300.0,2.39140000,2.40500000,2.37640000,2.37640000,2204147.00000000,1641697199999,5280201.48140000,6213,1141001.00000000,2733901.25220000,0
1641697200.0,2.37700000,2.38290000,2.36230000,2.37230000,1221977.00000000,1641698099999,2897498.09920000,4047,647066.00000000,1534751.65960000,0
1641698100.0,2.37200000,2.38610000,2.35680000,2.38550000,1223048.00000000,1641698999999,2904791.99280000,4136,572252.00000000,1359478.88650000,0
1641699000.0,2.38530000,2.39710000,2.36530000,2.36600000,1012385.00000000,1641699899999,2410928.76880000,4123,428635.00000000,1020655.91980000,0
1641699900.0,2.36670000,2.37260000,2.35000000,2.35740000,1610898.00000000,1641700799999,3801686.25970000,4447,837163.00000000,1975548.33860000,0
1641700800.0,2.35880000,2.38310000,2.35340000,2.37320000,971886.00000000,1641701699999,2299881.05470000,3974,423589.00000000,1002826.29370000,0
1641701700.0,2.37330000,2.38750000,2.36520000,2.36780000,892029.00000000,1641702599999,2121499.43240000,3116,406283.00000000,966422.57190000,0
1641702600.0,2.36740000,2.38270000,2.36040000,2.36110000,749582.00000000,1641703499999,1779089.17610000,2658,398965.00000000,946552.01130000,0
1641703500.0,2.36100000,2.40280000,2.36070000,2.39890000,1030568.00000000,1641704399999,2457398.89850000,3853,522817.00000000,1246030.56620000,0
1641704400.0,2.39850000,2.42150000,2.39000000,2.40530000,2549383.00000000,1641705299999,6140640.56780000,6321,1432613.00000000,3452199.69530000,0
1641705300.0,2.40560000,2.41090000,2.38250000,2.40250000,1561899.00000000,1641706199999,3742406.32840000,4522,834557.00000000,1999814.78880000,0
1641706200.0,2.40340000,2.41540000,2.38970000,2.39660000,848952.00000000,1641707099999,2039240.53030000,3081,408017.00000000,980162.10210000,0
1641707100.0,2.39660000,2.39790000,2.35420000,2.36500000,1422279.00000000,1641707999999,3370350.05110000,4538,624188.00000000,1478302.81090000,0
1641708000.0,2.36350000,2.37830000,2.35200000,2.37610000,1183226.00000000,1641708899999,2797548.30650000,4028,565881.00000000,1338005.41440000,0
1641708900.0,2.37580000,2.37730000,2.35070000,2.36440000,720440.00000000,1641709799999,1701323.35300000,2727,293305.00000000,692668.45330000,0
1641709800.0,2.36420000,2.38340000,2.35170000,2.38050000,635998.00000000,1641710699999,1507273.25680000,2922,337737.00000000,800233.14360000,0
1641710700.0,2.38130000,2.38250000,2.35660000,2.36690000,1311495.00000000,1641711599999,3107011.70440000,3930,535106.00000000,1267407.42800000,0
1641711600.0,2.36720000,2.37340000,2.35600000,2.36810000,1308242.00000000,1641712499999,3097445.87680000,3708,656844.00000000,1555469.02630000,0
1641712500.0,2.36840000,2.37000000,2.35780000,2.36020000,563416.00000000,1641713399999,1332761.06710000,2257,245872.00000000,581617.78320000,0
1641713400.0,2.36140000,2.36280000,2.32200000,2.32250000,1832717.00000000,1641714299999,4284410.75740000,6117,868659.00000000,2031349.64550000,0
1641714300.0,2.32240000,2.34780000,2.32240000,2.33700000,849211.00000000,1641715199999,1985758.69000000,3218,495404.00000000,1158327.45850000,0
1641715200.0,2.33770000,2.35910000,2.30000000,2.32800000,4931525.00000000,1641716099999,11504922.94840000,15138,1393957.00000000,3261552.26380000,0
1641716100.0,2.32800000,2.33270000,2.29300000,2.29650000,1718769.00000000,1641716999999,3970304.34750000,6106,839264.00000000,1938816.90580000,0
1641717000.0,2.29490000,2.31270000,2.29390000,2.30810000,998278.00000000,1641717899999,2301885.79110000,4298,552907.00000000,1275259.81570000,0
1641717900.0,2.30820000,2.31430000,2.28990000,2.29090000,650690.00000000,1641718799999,1497103.82710000,3134,261582.00000000,602072.22330000,0
1641718800.0,2.29090000,2.30800000,2.28930000,2.29490000,709488.00000000,1641719699999,1631143.97800000,2957,370308.00000000,851346.95460000,0
1641719700.0,2.29420000,2.29570000,2.25840000,2.26780000,1822027.00000000,1641720599999,4138041.46140000,6792,760671.00000000,1727937.17040000,0
1641720600.0,2.26840000,2.28410000,2.25620000,2.26360000,2459769.00000000,1641721499999,5572642.89870000,8503,1354106.00000000,3066277.01580000,0
1641721500.0,2.26380000,2.27670000,2.23200000,2.23770000,2753820.00000000,1641722399999,6201888.73380000,10237,1535103.00000000,3458560.86940000,0
1641722400.0,2.23750000,2.26350000,2.23640000,2.24430000,1460478.00000000,1641723299999,3288324.17950000,5305,861108.00000000,1939585.37740000,0
1641723300.0,2.24430000,2.26700000,2.23500000,2.26340000,929250.00000000,1641724199999,2087409.11630000,3627,585266.00000000,1314737.80720000,0
1641724200.0,2.26370000,2.29270000,2.26060000,2.29120000,1609194.00000000,1641725099999,3662229.09680000,4780,792718.00000000,1805555.08290000,0
1641725100.0,2.29140000,2.29160000,2.27020000,2.28280000,819346.00000000,1641725999999,1867935.93560000,3118,397936.00000000,907167.07560000,0
1641726000.0,2.28210000,2.33000000,2.28140000,2.32770000,2155870.00000000,1641726899999,4985442.69150000,7282,1203399.00000000,2782395.51590000,0
1641726900.0,2.32690000,2.33180000,2.30300000,2.31010000,1169301.00000000,1641727799999,2709476.19980000,4098,530666.00000000,1229802.11580000,0
1641727800.0,2.30910000,2.33270000,2.30240000,2.32050000,807080.00000000,1641728699999,1871594.51200000,3539,433925.00000000,1006435.13650000,0
1641728700.0,2.32000000,2.32910000,2.31130000,2.32380000,590281.00000000,1641729599999,1369676.97660000,2449,336586.00000000,781154.91690000,0
1641729600.0,2.32420000,2.33420000,2.28720000,2.29850000,1223972.00000000,1641730499999,2825407.32360000,4601,526618.00000000,1217944.51840000,0
1641730500.0,2.29850000,2.29980000,2.27010000,2.29080000,1187844.00000000,1641731399999,2711460.27850000,4448,690033.00000000,1575156.01890000,0
1641731400.0,2.29050000,2.31350000,2.28290000,2.30650000,901128.00000000,1641732299999,2070742.15600000,3658,501831.00000000,1153781.15120000,0
1641732300.0,2.30710000,2.32150000,2.29990000,2.30190000,734435.00000000,1641733199999,1695307.98180000,2718,282210.00000000,652019.12840000,0
1641733200.0,2.30170000,2.33450000,2.29240000,2.32880000,945716.00000000,1641734099999,2187169.40880000,3736,561142.00000000,1298025.94410000,0
1641734100.0,2.32930000,2.33880000,2.29000000,2.29090000,1203758.00000000,1641734999999,2788489.24000000,4810,552061.00000000,1280070.03650000,0
1641735000.0,2.29090000,2.30090000,2.27530000,2.28110000,1944538.00000000,1641735899999,4445351.44950000,5955,1053458.00000000,2407807.08590000,0
1641735900.0,2.28170000,2.29450000,2.25680000,2.26050000,1651177.00000000,1641736799999,3748688.70020000,5499,715083.00000000,1624682.54280000,0
1641736800.0,2.26110000,2.28610000,2.26100000,2.28090000,1351039.00000000,1641737699999,3072473.41700000,4560,713531.00000000,1622980.65380000,0
1641737700.0,2.28110000,2.29160000,2.26570000,2.27060000,938104.00000000,1641738599999,2139443.86860000,3625,452140.00000000,1031835.55500000,0
1641738600.0,2.27170000,2.30150000,2.26580000,2.30080000,930227.00000000,1641739499999,2120763.01180000,3474,515716.00000000,1176415.39750000,0
1641739500.0,2.30090000,2.30200000,2.28320000,2.28320000,905635.00000000,1641740399999,2075283.78020000,3207,463248.00000000,1061811.91280000,0
1641740400.0,2.28310000,2.29720000,2.26660000,2.27200000,824668.00000000,1641741299999,1882589.05850000,3740,437284.00000000,998265.06610000,0
1641741300.0,2.27260000,2.28350000,2.25280000,2.28010000,1489061.00000000,1641742199999,3376442.79210000,5528,790014.00000000,1791258.82880000,0
1641742200.0,2.28010000,2.30130000,2.27350000,2.27450000,964083.00000000,1641743099999,2207696.90980000,4009,450227.00000000,1031372.56210000,0
1641743100.0,2.27520000,2.31080000,2.27410000,2.30470000,1140961.00000000,1641743999999,2616074.27250000,3903,605863.00000000,1388229.48330000,0
1641744000.0,2.30460000,2.31040000,2.28670000,2.28780000,970938.00000000,1641744899999,2236241.47190000,3424,490579.00000000,1130393.83420000,0
1641744900.0,2.28720000,2.34650000,2.28640000,2.34200000,2176458.00000000,1641745799999,5066634.92480000,6903,1110545.00000000,2583406.71570000,0
1641745800.0,2.34220000,2.37000000,2.34000000,2.35910000,2758889.00000000,1641746699999,6504618.11120000,8593,1366786.00000000,3222951.08250000,0
1641746700.0,2.35920000,2.40970000,2.35520000,2.40950000,3466365.00000000,1641747599999,8264560.41630000,11560,2004837.00000000,4779726.36280000,0
1641747600.0,2.40960000,2.42910000,2.38610000,2.39490000,2987416.00000000,1641748499999,7183034.84320000,10591,1439428.00000000,3462915.41220000,0
1641748500.0,2.39410000,2.44480000,2.39070000,2.44430000,3686489.00000000,1641749399999,8945976.88670000,11060,2019445.00000000,4900912.12840000,0
1641749400.0,2.44390000,2.46480000,2.43390000,2.45940000,4341946.00000000,1641750299999,10643382.53620000,12790,2011154.00000000,4931190.64090000,0
1641750300.0,2.45960000,2.47700000,2.43250000,2.47610000,2321464.00000000,1641751199999,5696409.16950000,9293,1246827.00000000,3060903.44730000,0
1641751200.0,2.47700000,2.48440000,2.45390000,2.46460000,3168970.00000000,1641752099999,7836779.57060000,11473,1598163.00000000,3954163.35700000,0
1641752100.0,2.46470000,2.46850000,2.44460000,2.46250000,2024370.00000000,1641752999999,4973345.05820000,6292,879957.00000000,2162256.76450000,0
1641753000.0,2.46190000,2.46820000,2.44210000,2.44640000,1517661.00000000,1641753899999,3722395.37130000,5091,704453.00000000,1728335.71600000,0
1641753900.0,2.44590000,2.45160000,2.41030000,2.41700000,1670493.00000000,1641754799999,4056717.61350000,5819,651769.00000000,1584152.93130000,0
1641754800.0,2.41640000,2.45060000,2.40830000,2.44170000,1410985.00000000,1641755699999,3430826.17600000,5310,773608.00000000,1881506.75060000,0
1641755700.0,2.44210000,2.49790000,2.42920000,2.49100000,2886720.00000000,1641756599999,7118069.23740000,9678,1567488.00000000,3867775.10620000,0
1641756600.0,2.49190000,2.50000000,2.46310000,2.47440000,3173135.00000000,1641757499999,7876153.92240000,9708,1681053.00000000,4172795.78980000,0
1641757500.0,2.47420000,2.50080000,2.46140000,2.49050000,1785767.00000000,1641758399999,4434981.65490000,6588,929646.00000000,2309254.97560000,0
1641758400.0,2.49140000,2.51010000,2.47900000,2.50260000,2700392.00000000,1641759299999,6734125.72050000,10216,1522822.00000000,3798674.36550000,0
1641759300.0,2.50390000,2.52650000,2.48660000,2.49080000,2133116.00000000,1641760199999,5346959.21420000,9612,1020151.00000000,2559270.74360000,0
1641760200.0,2.49110000,2.49500000,2.44140000,2.44150000,1830236.00000000,1641761099999,4519340.03080000,6618,807370.00000000,1995565.49930000,0
1641761100.0,2.44330000,2.46480000,2.44310000,2.45310000,1482049.00000000,1641761999999,3637874.41880000,4613,810079.00000000,1988397.84610000,0
1641762000.0,2.45350000,2.46370000,2.44120000,2.45040000,1386919.00000000,1641762899999,3402440.09040000,4019,539293.00000000,1323542.23750000,0
1641762900.0,2.45160000,2.46130000,2.43790000,2.44130000,853012.00000000,1641763799999,2090928.44050000,2792,393746.00000000,965445.65290000,0
1641763800.0,2.44140000,2.44500000,2.41690000,2.41710000,1530023.00000000,1641764699999,3720646.32420000,5314,692761.00000000,1684883.24570000,0
1641764700.0,2.41720000,2.43750000,2.41530000,2.42860000,738883.00000000,1641765599999,1794550.74760000,2886,416072.00000000,1010406.45330000,0
1641765600.0,2.42870000,2.45840000,2.42280000,2.45800000,1084385.00000000,1641766499999,2649103.71740000,3189,529452.00000000,1293707.15340000,0
1641766500.0,2.45800000,2.47200000,2.43840000,2.43930000,1391591.00000000,1641767399999,3422198.75790000,4668,701354.00000000,1725567.64470000,0
1641767400.0,2.43920000,2.44700000,2.41490000,2.44650000,1253171.00000000,1641768299999,3039416.93360000,3734,678614.00000000,1646105.41430000,0
1641768300.0,2.44670000,2.44760000,2.39190000,2.41790000,1683921.00000000,1641769199999,4058510.99420000,6374,687046.00000000,1655859.62190000,0
1641769200.0,2.41790000,2.42830000,2.38900000,2.40190000,1347387.00000000,1641770099999,3243901.32490000,5185,638249.00000000,1537472.03890000,0
1641770100.0,2.40200000,2.40550000,2.37120000,2.37790000,2192272.00000000,1641770999999,5234040.70210000,6227,918819.00000000,2194005.92290000,0
1641771000.0,2.37780000,2.40390000,2.37470000,2.40120000,1166485.00000000,1641771899999,2789835.02200000,3897,543549.00000000,1299981.33000000,0
1641771900.0,2.40110000,2.41070000,2.38750000,2.39190000,1066582.00000000,1641772799999,2556739.06470000,3035,457704.00000000,1097333.98020000,0
1641772800.0,2.39030000,2.41570000,2.37460000,2.41340000,1293978.00000000,1641773699999,3096718.28830000,5471,728569.00000000,1744351.21830000,0
1641773700.0,2.41420000,2.47920000,2.40940000,2.44890000,2881088.00000000,1641774599999,7058313.43800000,10146,1825696.00000000,4474363.42190000,0
1641774600.0,2.44980000,2.44980000,2.41390000,2.43360000,1304776.00000000,1641775499999,3172541.28680000,5228,649048.00000000,1577924.92980000,0
1641775500.0,2.43250000,2.46830000,2.42360000,2.43390000,1694231.00000000,1641776399999,4154440.50320000,6201,817884.00000000,2005291.69240000,0
1641776400.0,2.43250000,2.46850000,2.41800000,2.44390000,2005925.00000000,1641777299999,4901539.98710000,6677,901953.00000000,2207308.37050000,0
1641777300.0,2.44360000,2.45090000,2.41330000,2.42000000,1175927.00000000,1641778199999,2855773.69270000,4230,625642.00000000,1518845.70790000,0
1641778200.0,2.42000000,2.42340000,2.37620000,2.38030000,1601488.00000000,1641779099999,3839438.86220000,6145,724867.00000000,1737796.38020000,0
1641779100.0,2.38030000,2.40080000,2.37810000,2.38070000,1013309.00000000,1641779999999,2420204.13000000,3741,551631.00000000,1317726.87160000,0
1641780000.0,2.38160000,2.38890000,2.33340000,2.33390000,1981093.00000000,1641780899999,4668523.65660000,7640,849708.00000000,2001853.24170000,0
1641780900.0,2.33390000,2.35700000,2.33100000,2.35680000,1175987.00000000,1641781799999,2757499.79660000,4252,664375.00000000,1557423.00930000,0
1641781800.0,2.35690000,2.36610000,2.34220000,2.35970000,893917.00000000,1641782699999,2103169.30670000,3156,496064.00000000,1167280.06240000,0
1641782700.0,2.35980000,2.37220000,2.35200000,2.36380000,662718.00000000,1641783599999,1565986.75310000,2519,346335.00000000,818802.36510000,0
1641783600.0,2.36360000,2.36370000,2.34650000,2.36170000,416730.00000000,1641784499999,980964.97550000,2452,214718.00000000,505462.23310000,0
1641784500.0,2.36050000,2.37860000,2.35230000,2.37280000,705272.00000000,1641785399999,1669065.78710000,2583,392072.00000000,927802.93380000,0
1641785400.0,2.37280000,2.37590000,2.36200000,2.36720000,346495.00000000,1641786299999,821101.16200000,1724,192351.00000000,455940.40650000,0
1641786300.0,2.36760000,2.39000000,2.36470000,2.38360000,597224.00000000,1641787199999,1420273.04920000,2390,332025.00000000,789864.04120000,0
1641787200.0,2.38270000,2.39000000,2.36570000,2.38580000,629812.00000000,1641788099999,1498013.32310000,2952,325526.00000000,774730.92000000,0
1641788100.0,2.38590000,2.42100000,2.38570000,2.41450000,1207761.00000000,1641788999999,2906210.04630000,5074,654413.00000000,1574180.56310000,0
1641789000.0,2.41430000,2.43730000,2.41420000,2.41890000,1130218.00000000,1641789899999,2745217.65340000,5008,578720.00000000,1406115.97800000,0
1641789900.0,2.41990000,2.46000000,2.41860000,2.44350000,1450545.00000000,1641790799999,3545416.54230000,6341,843069.00000000,2061720.75880000,0
1641790800.0,2.44350000,2.44970000,2.42840000,2.43330000,704963.00000000,1641791699999,1717804.01290000,2785,400072.00000000,975083.37260000,0
1641791700.0,2.43380000,2.43810000,2.41370000,2.42680000,791967.00000000,1641792599999,1922256.62580000,3263,412233.00000000,1001000.21160000,0
1641792600.0,2.42680000,2.43490000,2.40540000,2.40710000,865705.00000000,1641793499999,2092291.81690000,2879,430817.00000000,1041464.79090000,0
1641793500.0,2.40710000,2.44360000,2.40620000,2.43090000,873138.00000000,1641794399999,2119536.35100000,3015,497688.00000000,1208160.25910000,0
1641794400.0,2.43040000,2.43040000,2.39860000,2.40040000,862747.00000000,1641795299999,2081692.56880000,3451,372028.00000000,897392.65230000,0
1641795300.0,2.40090000,2.42780000,2.39710000,2.41050000,852368.00000000,1641796199999,2055719.02860000,3247,481281.00000000,1160841.96880000,0
1641796200.0,2.41160000,2.42080000,2.39540000,2.39560000,732846.00000000,1641797099999,1764101.92330000,2834,303036.00000000,729745.93700000,0
1641797100.0,2.39570000,2.40460000,2.38500000,2.38840000,841351.00000000,1641797999999,2014157.22040000,3125,317927.00000000,761428.69010000,0
1641798000.0,2.38840000,2.42360000,2.38580000,2.41770000,860651.00000000,1641798899999,2072252.69100000,3756,529486.00000000,1274914.28650000,0
1641798900.0,2.41770000,2.41850000,2.39100000,2.41430000,826927.00000000,1641799799999,1985704.74820000,3380,466524.00000000,1119980.21850000,0
1641799800.0,2.41550000,2.42100000,2.39810000,2.41340000,664052.00000000,1641800699999,1599174.34320000,2773,399700.00000000,963020.51210000,0
1641800700.0,2.41340000,2.44330000,2.40620000,2.43600000,775260.00000000,1641801599999,1881475.45420000,3707,460493.00000000,1117867.57870000,0
1641801600.0,2.43680000,2.44760000,2.40550000,2.40800000,1406572.00000000,1641802499999,3408252.72420000,5047,493863.00000000,1197032.65060000,0
1641802500.0,2.40760000,2.41390000,2.39000000,2.41040000,1501635.00000000,1641803399999,3605002.66700000,5060,448065.00000000,1076169.05960000,0
1641803400.0,2.40990000,2.41410000,2.37250000,2.38830000,1268209.00000000,1641804299999,3028283.77220000,5268,618316.00000000,1476293.21890000,0
1641804300.0,2.38830000,2.40370000,2.38260000,2.39460000,730286.00000000,1641805199999,1746720.71350000,2951,353069.00000000,844654.12480000,0
1641805200.0,2.39390000,2.41210000,2.38530000,2.40700000,654338.00000000,1641806099999,1569214.88230000,3141,331230.00000000,794271.08390000,0
1641806100.0,2.40650000,2.42000000,2.39580000,2.40640000,773942.00000000,1641806999999,1866173.45040000,3573,418877.00000000,1010411.30870000,0
1641807000.0,2.40560000,2.40570000,2.38540000,2.39070000,627016.00000000,1641807899999,1501139.51360000,2342,239230.00000000,572586.80570000,0
1641807900.0,2.39040000,2.40270000,2.38020000,2.39220000,744346.00000000,1641808799999,1778047.46970000,2897,369194.00000000,882020.98610000,0
1641808800.0,2.39220000,2.41500000,2.37860000,2.41260000,818149.00000000,1641809699999,1963707.00720000,3753,465261.00000000,1117164.01380000,0
1641809700.0,2.41130000,2.41650000,2.38730000,2.39460000,507840.00000000,1641810599999,1218435.15580000,2462,234128.00000000,561858.02860000,0
1641810600.0,2.39420000,2.41230000,2.38710000,2.39440000,826734.00000000,1641811499999,1985532.51770000,2924,378951.00000000,910461.29840000,0
1641811500.0,2.39370000,2.41440000,2.38900000,2.38980000,1056219.00000000,1641812399999,2538381.08620000,3092,462588.00000000,1112000.60380000,0
1641812400.0,2.38980000,2.39120000,2.35570000,2.36880000,1933216.00000000,1641813299999,4577492.94640000,6635,857565.00000000,2030842.75680000,0
1641813300.0,2.36850000,2.37290000,2.34430000,2.35890000,1028211.00000000,1641814199999,2426241.56400000,4130,466535.00000000,1101329.75710000,0
1641814200.0,2.35830000,2.36730000,2.33260000,2.33890000,1323695.00000000,1641815099999,3107671.69710000,4463,720081.00000000,1691433.96390000,0
1641815100.0,2.33900000,2.34730000,2.30500000,2.32350000,1912492.00000000,1641815999999,4445721.41550000,6930,859288.00000000,1997875.61540000,0
1641816000.0,2.32350000,2.33110000,2.28510000,2.29130000,3113186.00000000,1641816899999,7181646.16800000,9340,1180996.00000000,2725814.94730000,0
1641816900.0,2.29130000,2.30830000,2.28630000,2.29800000,1761793.00000000,1641817799999,4045212.49020000,6135,873119.00000000,2005251.64140000,0
1641817800.0,2.29820000,2.30500000,2.26450000,2.26790000,2482599.00000000,1641818699999,5659733.82510000,6536,1029829.00000000,2348898.11960000,0
1641818700.0,2.26890000,2.27980000,2.24000000,2.24060000,2561806.00000000,1641819599999,5772511.22190000,9248,1232530.00000000,2778962.18410000,0
1641819600.0,2.23990000,2.27790000,2.23910000,2.25690000,2430043.00000000,1641820499999,5481065.46680000,8173,1448105.00000000,3266811.58190000,0
1641820500.0,2.25600000,2.26630000,2.23510000,2.24930000,2796156.00000000,1641821399999,6286384.42810000,8034,1369104.00000000,3077541.65640000,0
1641821400.0,2.24930000,2.26720000,2.24380000,2.25330000,1766023.00000000,1641822299999,3980716.69900000,5147,783056.00000000,1766300.22150000,0
1641822300.0,2.25290000,2.25960000,2.23800000,2.25140000,1272495.00000000,1641823199999,2861177.75270000,4420,615461.00000000,1384090.54190000,0
1641823200.0,2.25130000,2.25450000,2.20000000,2.21850000,3518301.00000000,1641824099999,7805827.45750000,10695,1494045.00000000,3317612.45930000,0
1641824100.0,2.21870000,2.21980000,2.10000000,2.14450000,14594845.00000000,1641824999999,31393334.38880000,40084,6090546.00000000,13115937.65730000,0
1641825000.0,2.14420000,2.22890000,2.10880000,2.21000000,11251159.00000000,1641825899999,24346637.51360000,26848,5946758.00000000,12881827.90030000,0
1641825900.0,2.21000000,2.28930000,2.18870000,2.22480000,10949453.00000000,1641826799999,24449649.72430000,31397,5904694.00000000,13197488.22900000,0
1641826800.0,2.22440000,2.23540000,2.19020000,2.20260000,5287091.00000000,1641827699999,11695719.51110000,14633,2514022.00000000,5561665.55060000,0
1641827700.0,2.20250000,2.21220000,2.17630000,2.19820000,3210069.00000000,1641828599999,7048850.01570000,10097,1496413.00000000,3286333.41190000,0
1641828600.0,2.19780000,2.22830000,2.18780000,2.21170000,3523675.00000000,1641829499999,7798116.42260000,9545,2062513.00000000,4564547.44980000,0
1641829500.0,2.21230000,2.21300000,2.19120000,2.19890000,1869334.00000000,1641830399999,4111767.26690000,5966,939113.00000000,2065854.33250000,0
1641830400.0,2.20050000,2.22000000,2.18510000,2.21940000,2610881.00000000,1641831299999,5742921.69430000,7140,1523456.00000000,3352149.05310000,0
1641831300.0,2.21940000,2.27940000,2.20930000,2.26890000,4956901.00000000,1641832199999,11188536.85810000,15452,2637505.00000000,5949664.98990000,0
1641832200.0,2.26800000,2.27660000,2.24650000,2.26660000,2778538.00000000,1641833099999,6282173.47970000,8226,1387760.00000000,3139292.70180000,0
1641833100.0,2.26660000,2.28490000,2.25630000,2.28050000,1773167.00000000,1641833999999,4028185.50920000,5963,966764.00000000,2196961.99320000,0
1641834000.0,2.28020000,2.29580000,2.25190000,2.25450000,2795296.00000000,1641834899999,6355445.96050000,8396,1363031.00000000,3099249.78050000,0
1641834900.0,2.25490000,2.26130000,2.18940000,2.21180000,3974591.00000000,1641835799999,8831652.22500000,11137,1716300.00000000,3815397.24420000,0
1641835800.0,2.21290000,2.21390000,2.16740000,2.19380000,3841046.00000000,1641836699999,8418191.11090000,11682,1830015.00000000,4013220.62520000,0
1641836700.0,2.19380000,2.24360000,2.19000000,2.20570000,3261164.00000000,1641837599999,7237018.43380000,9322,1632349.00000000,3622561.22750000,0
1641837600.0,2.20580000,2.23240000,2.20110000,2.22480000,1389291.00000000,1641838499999,3078923.00540000,4233,727272.00000000,1611714.98620000,0
1641838500.0,2.22480000,2.23320000,2.20940000,2.21090000,1001816.00000000,1641839399999,2224574.53290000,3370,477591.00000000,1061285.55680000,0
1641839400.0,2.21030000,2.23810000,2.20790000,2.23650000,1257340.00000000,1641840299999,2794848.48980000,3698,646391.00000000,1437004.35010000,0
1641840300.0,2.23590000,2.25220000,2.21900000,2.23560000,1129140.00000000,1641841199999,2525407.50460000,3670,616205.00000000,1377846.43460000,0
1641841200.0,2.23540000,2.24710000,2.22000000,2.23640000,854486.00000000,1641842099999,1908911.30880000,3199,450087.00000000,1005671.72030000,0
1641842100.0,2.23550000,2.24440000,2.21190000,2.21820000,849704.00000000,1641842999999,1889380.68890000,2974,400656.00000000,890949.46140000,0
1641843000.0,2.21730000,2.23200000,2.20240000,2.20560000,1174359.00000000,1641843899999,2601552.85160000,3642,586233.00000000,1299452.77760000,0
1641843900.0,2.20580000,2.21320000,2.18610000,2.19460000,1196833.00000000,1641844799999,2631476.78760000,4320,515888.00000000,1134400.73930000,0
1641844800.0,2.19530000,2.21010000,2.18020000,2.18450000,2029870.00000000,1641845699999,4453375.26480000,5692,777351.00000000,1706916.17830000,0
1641845700.0,2.18440000,2.21140000,2.18100000,2.20230000,1101386.00000000,1641846599999,2421176.58030000,3656,595605.00000000,1309296.27630000,0
1641846600.0,2.20130000,2.23380000,2.19160000,2.22840000,1165833.00000000,1641847499999,2588636.65310000,4193,570311.00000000,1266623.37660000,0
1641847500.0,2.22780000,2.25120000,2.22050000,2.24400000,1324637.00000000,1641848399999,2962816.35440000,4531,748853.00000000,1675127.49940000,0
1641848400.0,2.24390000,2.24670000,2.22370000,2.23930000,1727278.00000000,1641849299999,3865677.13090000,4704,751963.00000000,1683253.20730000,0
1641849300.0,2.24000000,2.24000000,2.22130000,2.23980000,711747.00000000,1641850199999,1587247.89630000,2775,384044.00000000,856515.82240000,0
1641850200.0,2.23970000,2.25120000,2.23080000,2.23790000,755225.00000000,1641851099999,1693900.76700000,2615,452373.00000000,1014652.36620000,0
1641851100.0,2.23810000,2.24050000,2.21930000,2.23440000,843221.00000000,1641851999999,1880052.56400000,3005,381649.00000000,851497.89360000,0
1641852000.0,2.23450000,2.24350000,2.22500000,2.23830000,1048185.00000000,1641852899999,2341583.37140000,2838,574908.00000000,1284565.54660000,0
1641852900.0,2.23810000,2.23810000,2.21180000,2.22800000,502941.00000000,1641853799999,1117163.77910000,2396,213405.00000000,474005.66630000,0
1641853800.0,2.22720000,2.23190000,2.21580000,2.22700000,242765.00000000,1641854699999,539796.20180000,1588,106029.00000000,235930.45530000,0
1641854700.0,2.22760000,2.23120000,2.21120000,2.22560000,560055.00000000,1641855599999,1245013.58360000,2211,272503.00000000,605933.79020000,0
1641855600.0,2.22530000,2.24500000,2.21670000,2.24080000,667269.00000000,1641856499999,1489870.39880000,2486,375092.00000000,837741.75040000,0
1641856500.0,2.24010000,2.24850000,2.22680000,2.23730000,1322167.00000000,1641857399999,2958725.30900000,3489,468009.00000000,1048115.97000000,0
1641857400.0,2.23660000,2.24500000,2.22660000,2.24230000,713650.00000000,1641858299999,1594687.37460000,2116,406731.00000000,909161.91960000,0
1641858300.0,2.24150000,2.24150000,2.21590000,2.22380000,1066922.00000000,1641859199999,2372637.27960000,3084,590513.00000000,1313605.68530000,0
1641859200.0,2.22450000,2.23890000,2.19610000,2.19780000,1416950.00000000,1641860099999,3134066.08840000,4606,544802.00000000,1206941.25100000,0
1641860100.0,2.19840000,2.20220000,2.18860000,2.19530000,1332962.00000000,1641860999999,2925712.29130000,4015,620407.00000000,1362362.65570000,0
1641861000.0,2.19560000,2.20590000,2.19050000,2.19900000,652398.00000000,1641861899999,1433839.89200000,2583,375891.00000000,826096.39580000,0
1641861900.0,2.19810000,2.21980000,2.19810000,2.20220000,644532.00000000,1641862799999,1425094.72250000,2842,360370.00000000,796678.65720000,0
1641862800.0,2.20240000,2.20560000,2.19120000,2.19280000,954419.00000000,1641863699999,2098629.54950000,2745,349533.00000000,768584.87190000,0
1641863700.0,2.19290000,2.21750000,2.19000000,2.21320000,625966.00000000,1641864599999,1380751.95650000,2631,333660.00000000,736448.23710000,0
1641864600.0,2.21310000,2.23700000,2.21200000,2.22290000,978684.00000000,1641865499999,2180382.73730000,3600,527243.00000000,1174584.72670000,0
1641865500.0,2.22210000,2.23530000,2.21420000,2.23140000,768508.00000000,1641866399999,1709891.10920000,2384,543130.00000000,1209084.90370000,0
1641866400.0,2.23160000,2.23950000,2.22010000,2.23780000,610170.00000000,1641867299999,1361118.87140000,2350,320725.00000000,715184.26950000,0
1641867300.0,2.23860000,2.27550000,2.23710000,2.26740000,1638844.00000000,1641868199999,3702995.80520000,6071,1030332.00000000,2328018.50860000,0
1641868200.0,2.26700000,2.28720000,2.26270000,2.27790000,1613945.00000000,1641869099999,3670205.76330000,5130,973678.00000000,2214313.77210000,0
1641869100.0,2.27760000,2.28840000,2.26170000,2.26260000,1326598.00000000,1641869999999,3019100.36170000,3829,673296.00000000,1531815.03660000,0
1641870000.0,2.26300000,2.26650000,2.25300000,2.25610000,804082.00000000,1641870899999,1817294.45550000,2530,386263.00000000,872952.54300000,0
1641870900.0,2.25650000,2.26500000,2.25450000,2.25580000,676509.00000000,1641871799999,1529545.64800000,1888,339669.00000000,768190.20270000,0
1641871800.0,2.25640000,2.27650000,2.25420000,2.26490000,836497.00000000,1641872699999,1894176.29480000,2188,558526.00000000,1264700.30230000,0
